{
  "Symbol": "AMZN",
  "Revenue": 574785000000.0,
  "NetIncome": 30425000000,
  "GrossProfit": 270046000000.0,
  "OperatingIncome": 0,
  "TotalAssets": 527854000000,
  "TotalLiabilities": 325979000000.0,
  "TotalEquity": 201875000000,
  "Price": 186.89,
  "Volume": 33567110.0,
  "MarketCapitalization": 1925714559999.9998,
  "ProfitMargin": 0.05293283575597832,
  "GrossMargin": 0.46982088955000567,
  "OperatingMargin": 0.0,
  "PERatio": 63.293822843056695,
  "Date": "2025-06-07"
}