{
  "Symbol": "NVDA",
  "Revenue": 60922000000.0,
  "NetIncome": 29760000000,
  "GrossProfit": 44301000000.0,
  "OperatingIncome": 0,
  "TotalAssets": 65728000000,
  "TotalLiabilities": 22750000000.0,
  "TotalEquity": 42978000000,
  "Price": 125.2,
  "Volume": 299595001.0,
  "MarketCapitalization": 3091188000000.0,
  "ProfitMargin": 0.4884934834706674,
  "GrossMargin": 0.7271757329043695,
  "OperatingMargin": 0.0,
  "PERatio": 103.87056451612904,
  "Date": "2025-06-07"
}