{
  "Symbol": "AMZN",
  "Revenue": 574785000000.0,
  "NetIncome": 30425000000.0,
  "GrossProfit": 270046000000.0,
  "OperatingIncome": 36852000000.0,
  "TotalAssets": 527854000000.0,
  "TotalLiabilities": 325979000000.0,
  "TotalEquity": 201875000000.0,
  "Price": 186.89,
  "Volume": 33567110,
  "Date": "2025-06-07",
  "MarketCapitalization": 1925714559999.9998,
  "ProfitMargin": 0.05293283575597832,
  "GrossMargin": 0.46982088955000567,
  "OperatingMargin": 0.0641144079960333,
  "PERatio": 63.293822843056695
}