{
  "Symbol": "JNJ",
  "Revenue": 85159000000.0,
  "NetIncome": 35153000000.0,
  "GrossProfit": 58606000000.0,
  "OperatingIncome": 22009000000.0,
  "TotalAssets": 167558000000.0,
  "TotalLiabilities": 98784000000.0,
  "TotalEquity": 68774000000.0,
  "Price": 145.41,
  "Volume": 6180493,
  "Date": "2025-06-07",
  "MarketCapitalization": 368396235000.0,
  "ProfitMargin": 0.41279254101151963,
  "GrossMargin": 0.6881950234267664,
  "OperatingMargin": 0.2584459657816555,
  "PERatio": 10.479795038830256
}