{
  "Symbol": "META",
  "Revenue": 134902000000.0,
  "NetIncome": 39098000000.0,
  "GrossProfit": 108943000000.0,
  "OperatingIncome": 46751000000.0,
  "TotalAssets": 229623000000.0,
  "TotalLiabilities": 76455000000.0,
  "TotalEquity": 153168000000.0,
  "Price": 508.84,
  "Volume": 11983227,
  "Date": "2025-06-07",
  "MarketCapitalization": 1309754160000.0,
  "ProfitMargin": 0.28982520644616094,
  "GrossMargin": 0.8075714222176098,
  "OperatingMargin": 0.3465552771641636,
  "PERatio": 33.49926236636145
}