{
  "Symbol": "MSFT",
  "Revenue": 211915000000.0,
  "NetIncome": 72361000000.0,
  "GrossProfit": 146052000000.0,
  "OperatingIncome": 88523000000.0,
  "TotalAssets": 411976000000.0,
  "TotalLiabilities": 205753000000.0,
  "TotalEquity": 206223000000.0,
  "Price": 441.06,
  "Volume": 22366233,
  "Date": "2025-06-07",
  "MarketCapitalization": 3284132760000.0,
  "ProfitMargin": 0.3414623787839464,
  "GrossMargin": 0.6892008588349102,
  "OperatingMargin": 0.417728806361041,
  "PERatio": 45.38539765895994
}