{
  "Symbol": "WMT",
  "Revenue": 648125000000.0,
  "NetIncome": 15511000000.0,
  "GrossProfit": 157983000000.0,
  "OperatingIncome": 27012000000.0,
  "TotalAssets": 252399000000.0,
  "TotalLiabilities": 161828000000.0,
  "TotalEquity": 90571000000.0,
  "Price": 66.31,
  "Volume": 11704704,
  "Date": "2025-06-07",
  "MarketCapitalization": 535585870000.0,
  "ProfitMargin": 0.023932111861137896,
  "GrossMargin": 0.24375390549662487,
  "OperatingMargin": 0.0416771456123433,
  "PERatio": 34.52942234543227
}